KPI,Value
Churn Rate,26.536987079369588
Total Revenue,16071540.924999999
ARPU,64.76169246059918
Retention Rate,73.4630129206304
Average Tenure,32.37114865824223
